"","Taxon","State","Acc","VT","Genus","Family","Order","Ingroup"
"Endogone_pisformis_DQ322628_Endogone_Endogonaceae_Endogonales","Endogone_pisformis_DQ322628_Endogone_Endogonaceae_Endogonales","ECM","DQ322628","Endogone_pisformis","Endogone","Endogonaceae","Endogonales","No"
"Phycomyces_blakesleeanus_AY635837_Phycomyces_Phycomycetaceae_Mucorales","Phycomyces_blakesleeanus_AY635837_Phycomyces_Phycomycetaceae_Mucorales","Saprotroph","AY635837","Phycomyces_blakesleeanus","Phycomyces","Phycomycetaceae","Mucorales","No"
"Rhizopus_oryzae_NG_062621_Rhizopus_Rhizopodaceae_Mucorales","Rhizopus_oryzae_NG_062621_Rhizopus_Rhizopodaceae_Mucorales","Saprotroph","NG_062621","Rhizopus_oryzae","Rhizopus","Rhizopodaceae","Mucorales","No"
"Umbelopsis_ramanniana_DQ322627_Umbelopsis_Umbelopsidaceae_Umbelopsidales","Umbelopsis_ramanniana_DQ322627_Umbelopsis_Umbelopsidaceae_Umbelopsidales","Saprotroph","DQ322627","Umbelopsis_ramanniana","Umbelopsis","Umbelopsidaceae","Umbelopsidales","No"
"VTX00001_AJ854100_Paraglomus_Paraglomeraceae_Paraglomerales","VTX00001_AJ854100_Paraglomus_Paraglomeraceae_Paraglomerales","AM","AJ854100","VTX00001","Paraglomus","Paraglomeraceae","Paraglomerales","Yes"
"VTX00002_AF202299_Paraglomus_Paraglomeraceae_Paraglomerales","VTX00002_AF202299_Paraglomus_Paraglomeraceae_Paraglomerales","AM","AF202299","VTX00002","Paraglomus","Paraglomeraceae","Paraglomerales","Yes"
"VTX00004_AJ563887_Archaeospora_Archaeosporaceae_Archaeosporales","VTX00004_AJ563887_Archaeospora_Archaeosporaceae_Archaeosporales","AM","AJ563887","VTX00004","Archaeospora","Archaeosporaceae","Archaeosporales","Yes"
"VTX00005_AF131054_Archaeospora_Archaeosporaceae_Archaeosporales","VTX00005_AF131054_Archaeospora_Archaeosporaceae_Archaeosporales","AM","AF131054","VTX00005","Archaeospora","Archaeosporaceae","Archaeosporales","Yes"
"VTX00006_AJ854097_Archaeospora_Archaeosporaceae_Archaeosporales","VTX00006_AJ854097_Archaeospora_Archaeosporaceae_Archaeosporales","AM","AJ854097","VTX00006","Archaeospora","Archaeosporaceae","Archaeosporales","Yes"
"VTX00007_AF131055_Archaeospora_Archaeosporaceae_Archaeosporales","VTX00007_AF131055_Archaeospora_Archaeosporaceae_Archaeosporales","AM","AF131055","VTX00007","Archaeospora","Archaeosporaceae","Archaeosporales","Yes"
"VTX00008_EU573738_Archaeospora_Archaeosporaceae_Archaeosporales","VTX00008_EU573738_Archaeospora_Archaeosporaceae_Archaeosporales","AM","EU573738","VTX00008","Archaeospora","Archaeosporaceae","Archaeosporales","Yes"
"VTX00009_AJ854098_Archaeospora_Archaeosporaceae_Archaeosporales","VTX00009_AJ854098_Archaeospora_Archaeosporaceae_Archaeosporales","AM","AJ854098","VTX00009","Archaeospora","Archaeosporaceae","Archaeosporales","Yes"
"VTX00010_AF074350_Acaulospora_Acaulosporaceae_Diversisporales","VTX00010_AF074350_Acaulospora_Acaulosporaceae_Diversisporales","AM","AF074350","VTX00010","Acaulospora","Acaulosporaceae","Diversisporales","Yes"
"VTX00011_EU573737_Pacispora_Pacisporaceae_Diversisporales","VTX00011_EU573737_Pacispora_Pacisporaceae_Diversisporales","AM","EU573737","VTX00011","Pacispora","Pacisporaceae","Diversisporales","Yes"
"VTX00012_EF447243_Acaulospora_Acaulosporaceae_Diversisporales","VTX00012_EF447243_Acaulospora_Acaulosporaceae_Diversisporales","AM","EF447243","VTX00012","Acaulospora","Acaulosporaceae","Diversisporales","Yes"
"VTX00013_DQ336519_Acaulospora_Acaulosporaceae_Diversisporales","VTX00013_DQ336519_Acaulospora_Acaulosporaceae_Diversisporales","AM","DQ336519","VTX00013","Acaulospora","Acaulosporaceae","Diversisporales","Yes"
"VTX00014_EF447239_Acaulospora_Acaulosporaceae_Diversisporales","VTX00014_EF447239_Acaulospora_Acaulosporaceae_Diversisporales","AM","EF447239","VTX00014","Acaulospora","Acaulosporaceae","Diversisporales","Yes"
"VTX00015_AM849301_Acaulospora_Acaulosporaceae_Diversisporales","VTX00015_AM849301_Acaulospora_Acaulosporaceae_Diversisporales","AM","AM849301","VTX00015","Acaulospora","Acaulosporaceae","Diversisporales","Yes"
"VTX00016_AF131040_Acaulospora_Acaulosporaceae_Diversisporales","VTX00016_AF131040_Acaulospora_Acaulosporaceae_Diversisporales","AM","AF131040","VTX00016","Acaulospora","Acaulosporaceae","Diversisporales","Yes"
"VTX00017_AF074372_Acaulospora_Acaulosporaceae_Diversisporales","VTX00017_AF074372_Acaulospora_Acaulosporaceae_Diversisporales","AM","AF074372","VTX00017","Acaulospora","Acaulosporaceae","Diversisporales","Yes"
"VTX00018_AY330283_Acaulospora_Acaulosporaceae_Diversisporales","VTX00018_AY330283_Acaulospora_Acaulosporaceae_Diversisporales","AM","AY330283","VTX00018","Acaulospora","Acaulosporaceae","Diversisporales","Yes"
"VTX00019_AJ496111_Acaulospora_Acaulosporaceae_Diversisporales","VTX00019_AJ496111_Acaulospora_Acaulosporaceae_Diversisporales","AM","AJ496111","VTX00019","Acaulospora","Acaulosporaceae","Diversisporales","Yes"
"VTX00020_AM849259_Acaulospora_Acaulosporaceae_Diversisporales","VTX00020_AM849259_Acaulospora_Acaulosporaceae_Diversisporales","AM","AM849259","VTX00020","Acaulospora","Acaulosporaceae","Diversisporales","Yes"
"VTX00021_EU573760_Acaulospora_Acaulosporaceae_Diversisporales","VTX00021_EU573760_Acaulospora_Acaulosporaceae_Diversisporales","AM","EU573760","VTX00021","Acaulospora","Acaulosporaceae","Diversisporales","Yes"
"VTX00022_EU573729_Acaulospora_Acaulosporaceae_Diversisporales","VTX00022_EU573729_Acaulospora_Acaulosporaceae_Diversisporales","AM","EU573729","VTX00022","Acaulospora","Acaulosporaceae","Diversisporales","Yes"
"VTX00023_AY916400_Acaulospora_Acaulosporaceae_Diversisporales","VTX00023_AY916400_Acaulospora_Acaulosporaceae_Diversisporales","AM","AY916400","VTX00023","Acaulospora","Acaulosporaceae","Diversisporales","Yes"
"VTX00024_AY394664_Acaulospora_Acaulosporaceae_Diversisporales","VTX00024_AY394664_Acaulospora_Acaulosporaceae_Diversisporales","AM","AY394664","VTX00024","Acaulospora","Acaulosporaceae","Diversisporales","Yes"
"VTX00026_AM849306_Acaulospora_Acaulosporaceae_Diversisporales","VTX00026_AM849306_Acaulospora_Acaulosporaceae_Diversisporales","AM","AM849306","VTX00026","Acaulospora","Acaulosporaceae","Diversisporales","Yes"
"VTX00027_AY129598_Acaulospora_Acaulosporaceae_Diversisporales","VTX00027_AY129598_Acaulospora_Acaulosporaceae_Diversisporales","AM","AY129598","VTX00027","Acaulospora","Acaulosporaceae","Diversisporales","Yes"
"VTX00028_AY129590_Acaulospora_Acaulosporaceae_Diversisporales","VTX00028_AY129590_Acaulospora_Acaulosporaceae_Diversisporales","AM","AY129590","VTX00028","Acaulospora","Acaulosporaceae","Diversisporales","Yes"
"VTX00029_HF568101_Acaulospora_Acaulosporaceae_Diversisporales","VTX00029_HF568101_Acaulospora_Acaulosporaceae_Diversisporales","AM","HF568101","VTX00029","Acaulospora","Acaulosporaceae","Diversisporales","Yes"
"VTX00030_AF074346_Acaulospora_Acaulosporaceae_Diversisporales","VTX00030_AF074346_Acaulospora_Acaulosporaceae_Diversisporales","AM","AF074346","VTX00030","Acaulospora","Acaulosporaceae","Diversisporales","Yes"
"VTX00036_HF568104_Acaulospora_Acaulosporaceae_Diversisporales","VTX00036_HF568104_Acaulospora_Acaulosporaceae_Diversisporales","AM","HF568104","VTX00036","Acaulospora","Acaulosporaceae","Diversisporales","Yes"
"VTX00037_HF954816_Acaulospora_Acaulosporaceae_Diversisporales","VTX00037_HF954816_Acaulospora_Acaulosporaceae_Diversisporales","AM","HF954816","VTX00037","Acaulospora","Acaulosporaceae","Diversisporales","Yes"
"VTX00039_U96146_Gigaspora_Gigasporaceae_Diversisporales","VTX00039_U96146_Gigaspora_Gigasporaceae_Diversisporales","AM","U96146","VTX00039","Gigaspora","Gigasporaceae","Diversisporales","Yes"
"VTX00040_EU332707_Diversispora_Diversisporaceae_Diversisporales","VTX00040_EU332707_Diversispora_Diversisporaceae_Diversisporales","AM","EU332707","VTX00040","Diversispora","Diversisporaceae","Diversisporales","Yes"
"VTX00041_AJ418851_Scutellospora_Gigasporaceae_Diversisporales","VTX00041_AJ418851_Scutellospora_Gigasporaceae_Diversisporales","AM","AJ418851","VTX00041","Scutellospora","Gigasporaceae","Diversisporales","Yes"
"VTX00042_AF131031_Acaulospora_Acaulosporaceae_Diversisporales","VTX00042_AF131031_Acaulospora_Acaulosporaceae_Diversisporales","AM","AF131031","VTX00042","Acaulospora","Acaulosporaceae","Diversisporales","Yes"
"VTX00043_AF074343_Acaulospora_Acaulosporaceae_Diversisporales","VTX00043_AF074343_Acaulospora_Acaulosporaceae_Diversisporales","AM","AF074343","VTX00043","Acaulospora","Acaulosporaceae","Diversisporales","Yes"
"VTX00047_AY129584_Acaulospora_Acaulosporaceae_Diversisporales","VTX00047_AY129584_Acaulospora_Acaulosporaceae_Diversisporales","AM","AY129584","VTX00047","Acaulospora","Acaulosporaceae","Diversisporales","Yes"
"VTX00049_AF074340_Gigaspora_Gigasporaceae_Diversisporales","VTX00049_AF074340_Gigaspora_Gigasporaceae_Diversisporales","AM","AF074340","VTX00049","Gigaspora","Gigasporaceae","Diversisporales","Yes"
"VTX00051_AB365834_Archaeospora_Archaeosporaceae_Archaeosporales","VTX00051_AB365834_Archaeospora_Archaeosporaceae_Archaeosporales","AM","AB365834","VTX00051","Archaeospora","Archaeosporaceae","Archaeosporales","Yes"
"VTX00052_AJ496115_Gigaspora_Gigasporaceae_Diversisporales","VTX00052_AJ496115_Gigaspora_Gigasporaceae_Diversisporales","AM","AJ496115","VTX00052","Gigaspora","Gigasporaceae","Diversisporales","Yes"
"VTX00053_DQ336485_Glomus_Glomeraceae_Glomerales","VTX00053_DQ336485_Glomus_Glomeraceae_Glomerales","AM","DQ336485","VTX00053","Glomus","Glomeraceae","Glomerales","Yes"
"VTX00054_AJ315524_Diversispora_Diversisporaceae_Diversisporales","VTX00054_AJ315524_Diversispora_Diversisporaceae_Diversisporales","AM","AJ315524","VTX00054","Diversispora","Diversisporaceae","Diversisporales","Yes"
"VTX00055_AB076345_Claroideoglomus_Claroideoglomeraceae_Glomerales","VTX00055_AB076345_Claroideoglomus_Claroideoglomeraceae_Glomerales","AM","AB076345","VTX00055","Claroideoglomus","Claroideoglomeraceae","Glomerales","Yes"
"VTX00056_AY916419_Claroideoglomus_Claroideoglomeraceae_Glomerales","VTX00056_AY916419_Claroideoglomus_Claroideoglomeraceae_Glomerales","AM","AY916419","VTX00056","Claroideoglomus","Claroideoglomeraceae","Glomerales","Yes"
"VTX00057_DQ164831_Claroideoglomus_Claroideoglomeraceae_Glomerales","VTX00057_DQ164831_Claroideoglomus_Claroideoglomeraceae_Glomerales","AM","DQ164831","VTX00057","Claroideoglomus","Claroideoglomeraceae","Glomerales","Yes"
"VTX00058_DQ357079_Diversispora_Diversisporaceae_Diversisporales","VTX00058_DQ357079_Diversispora_Diversisporaceae_Diversisporales","AM","DQ357079","VTX00058","Diversispora","Diversisporaceae","Diversisporales","Yes"
"VTX00059_AY129577_Diversispora_Diversisporaceae_Diversisporales","VTX00059_AY129577_Diversispora_Diversisporaceae_Diversisporales","AM","AY129577","VTX00059","Diversispora","Diversisporaceae","Diversisporales","Yes"
"VTX00060_AM849296_Diversispora_Diversisporaceae_Diversisporales","VTX00060_AM849296_Diversispora_Diversisporaceae_Diversisporales","AM","AM849296","VTX00060","Diversispora","Diversisporaceae","Diversisporales","Yes"
"VTX00061_X86687_Diversispora_Diversisporaceae_Diversisporales","VTX00061_X86687_Diversispora_Diversisporaceae_Diversisporales","AM","X86687","VTX00061","Diversispora","Diversisporaceae","Diversisporales","Yes"
"VTX00062_AM849266_Diversispora_Diversisporaceae_Diversisporales","VTX00062_AM849266_Diversispora_Diversisporaceae_Diversisporales","AM","AM849266","VTX00062","Diversispora","Diversisporaceae","Diversisporales","Yes"
"VTX00063_AJ505812_Glomus_Glomeraceae_Glomerales","VTX00063_AJ505812_Glomus_Glomeraceae_Glomerales","AM","AJ505812","VTX00063","Glomus","Glomeraceae","Glomerales","Yes"
"VTX00064_AM849308_Glomus_Glomeraceae_Glomerales","VTX00064_AM849308_Glomus_Glomeraceae_Glomerales","AM","AM849308","VTX00064","Glomus","Glomeraceae","Glomerales","Yes"
"VTX00065_Y17635_Glomus_Glomeraceae_Glomerales","VTX00065_Y17635_Glomus_Glomeraceae_Glomerales","AM","Y17635","VTX00065","Glomus","Glomeraceae","Glomerales","Yes"
"VTX00066_AY273548_Glomus_Glomeraceae_Glomerales","VTX00066_AY273548_Glomus_Glomeraceae_Glomerales","AM","AY273548","VTX00066","Glomus","Glomeraceae","Glomerales","Yes"
"VTX00067_AJ306438_Glomus_Glomeraceae_Glomerales","VTX00067_AJ306438_Glomus_Glomeraceae_Glomerales","AM","AJ306438","VTX00067","Glomus","Glomeraceae","Glomerales","Yes"
"VTX00068_DQ336448_Glomus_Glomeraceae_Glomerales","VTX00068_DQ336448_Glomus_Glomeraceae_Glomerales","AM","DQ336448","VTX00068","Glomus","Glomeraceae","Glomerales","Yes"
"VTX00069_AY129592_Glomus_Glomeraceae_Glomerales","VTX00069_AY129592_Glomus_Glomeraceae_Glomerales","AM","AY129592","VTX00069","Glomus","Glomeraceae","Glomerales","Yes"
"VTX00070_AY129578_Glomus_Glomeraceae_Glomerales","VTX00070_AY129578_Glomus_Glomeraceae_Glomerales","AM","AY129578","VTX00070","Glomus","Glomeraceae","Glomerales","Yes"
"VTX00072_AM849312_Glomus_Glomeraceae_Glomerales","VTX00072_AM849312_Glomus_Glomeraceae_Glomerales","AM","AM849312","VTX00072","Glomus","Glomeraceae","Glomerales","Yes"
"VTX00073_LN616833_Glomus_Glomeraceae_Glomerales","VTX00073_LN616833_Glomus_Glomeraceae_Glomerales","AM","LN616833","VTX00073","Glomus","Glomeraceae","Glomerales","Yes"
"VTX00074_AF131050_Glomus_Glomeraceae_Glomerales","VTX00074_AF131050_Glomus_Glomeraceae_Glomerales","AM","AF131050","VTX00074","Glomus","Glomeraceae","Glomerales","Yes"
"VTX00075_AB365827_Glomus_Glomeraceae_Glomerales","VTX00075_AB365827_Glomus_Glomeraceae_Glomerales","AM","AB365827","VTX00075","Glomus","Glomeraceae","Glomerales","Yes"
"VTX00076_DQ371669_Glomus_Glomeraceae_Glomerales","VTX00076_DQ371669_Glomus_Glomeraceae_Glomerales","AM","DQ371669","VTX00076","Glomus","Glomeraceae","Glomerales","Yes"
"VTX00077_AB365818_Glomus_Glomeraceae_Glomerales","VTX00077_AB365818_Glomus_Glomeraceae_Glomerales","AM","AB365818","VTX00077","Glomus","Glomeraceae","Glomerales","Yes"
"VTX00078_AY129614_Glomus_Glomeraceae_Glomerales","VTX00078_AY129614_Glomus_Glomeraceae_Glomerales","AM","AY129614","VTX00078","Glomus","Glomeraceae","Glomerales","Yes"
"VTX00079_DQ336496_Glomus_Glomeraceae_Glomerales","VTX00079_DQ336496_Glomus_Glomeraceae_Glomerales","AM","DQ336496","VTX00079","Glomus","Glomeraceae","Glomerales","Yes"
"VTX00080_AB178728_Glomus_Glomeraceae_Glomerales","VTX00080_AB178728_Glomus_Glomeraceae_Glomerales","AM","AB178728","VTX00080","Glomus","Glomeraceae","Glomerales","Yes"
"VTX00082_DQ371682_Glomus_Glomeraceae_Glomerales","VTX00082_DQ371682_Glomus_Glomeraceae_Glomerales","AM","DQ371682","VTX00082","Glomus","Glomeraceae","Glomerales","Yes"
"VTX00083_AJ496066_Glomus_Glomeraceae_Glomerales","VTX00083_AJ496066_Glomus_Glomeraceae_Glomerales","AM","AJ496066","VTX00083","Glomus","Glomeraceae","Glomerales","Yes"
"VTX00084_AB183952_Glomus_Glomeraceae_Glomerales","VTX00084_AB183952_Glomus_Glomeraceae_Glomerales","AM","AB183952","VTX00084","Glomus","Glomeraceae","Glomerales","Yes"
"VTX00085_AB365850_Glomus_Glomeraceae_Glomerales","VTX00085_AB365850_Glomus_Glomeraceae_Glomerales","AM","AB365850","VTX00085","Glomus","Glomeraceae","Glomerales","Yes"
"VTX00086_AJ563892_Glomus_Glomeraceae_Glomerales","VTX00086_AJ563892_Glomus_Glomeraceae_Glomerales","AM","AJ563892","VTX00086","Glomus","Glomeraceae","Glomerales","Yes"
"VTX00087_AY129635_Glomus_Glomeraceae_Glomerales","VTX00087_AY129635_Glomus_Glomeraceae_Glomerales","AM","AY129635","VTX00087","Glomus","Glomeraceae","Glomerales","Yes"
"VTX00088_AB183905_Glomus_Glomeraceae_Glomerales","VTX00088_AB183905_Glomus_Glomeraceae_Glomerales","AM","AB183905","VTX00088","Glomus","Glomeraceae","Glomerales","Yes"
"VTX00089_AY512364_Glomus_Glomeraceae_Glomerales","VTX00089_AY512364_Glomus_Glomeraceae_Glomerales","AM","AY512364","VTX00089","Glomus","Glomeraceae","Glomerales","Yes"
"VTX00090_Y17648_Glomus_Glomeraceae_Glomerales","VTX00090_Y17648_Glomus_Glomeraceae_Glomerales","AM","Y17648","VTX00090","Glomus","Glomeraceae","Glomerales","Yes"
"VTX00091_DQ336444_Glomus_Glomeraceae_Glomerales","VTX00091_DQ336444_Glomus_Glomeraceae_Glomerales","AM","DQ336444","VTX00091","Glomus","Glomeraceae","Glomerales","Yes"
"VTX00092_AB365822_Glomus_Glomeraceae_Glomerales","VTX00092_AB365822_Glomus_Glomeraceae_Glomerales","AM","AB365822","VTX00092","Glomus","Glomeraceae","Glomerales","Yes"
"VTX00093_EU332715_Glomus_Glomeraceae_Glomerales","VTX00093_EU332715_Glomus_Glomeraceae_Glomerales","AM","EU332715","VTX00093","Glomus","Glomeraceae","Glomerales","Yes"
"VTX00096_AY129604_Glomus_Glomeraceae_Glomerales","VTX00096_AY129604_Glomus_Glomeraceae_Glomerales","AM","AY129604","VTX00096","Glomus","Glomeraceae","Glomerales","Yes"
"VTX00097_AF074369_Glomus_Glomeraceae_Glomerales","VTX00097_AF074369_Glomus_Glomeraceae_Glomerales","AM","AF074369","VTX00097","Glomus","Glomeraceae","Glomerales","Yes"
"VTX00098_AB325992_Glomus_Glomeraceae_Glomerales","VTX00098_AB325992_Glomus_Glomeraceae_Glomerales","AM","AB325992","VTX00098","Glomus","Glomeraceae","Glomerales","Yes"
"VTX00099_AF213462_Glomus_Glomeraceae_Glomerales","VTX00099_AF213462_Glomus_Glomeraceae_Glomerales","AM","AF213462","VTX00099","Glomus","Glomeraceae","Glomerales","Yes"
"VTX00100_AB326008_Glomus_Glomeraceae_Glomerales","VTX00100_AB326008_Glomus_Glomeraceae_Glomerales","AM","AB326008","VTX00100","Glomus","Glomeraceae","Glomerales","Yes"
"VTX00101_AY129591_Glomus_Glomeraceae_Glomerales","VTX00101_AY129591_Glomus_Glomeraceae_Glomerales","AM","AY129591","VTX00101","Glomus","Glomeraceae","Glomerales","Yes"
"VTX00102_AY512359_Acaulospora_Acaulosporaceae_Diversisporales","VTX00102_AY512359_Acaulospora_Acaulosporaceae_Diversisporales","AM","AY512359","VTX00102","Acaulospora","Acaulosporaceae","Diversisporales","Yes"
"VTX00103_EU350053_Glomus_Glomeraceae_Glomerales","VTX00103_EU350053_Glomus_Glomeraceae_Glomerales","AM","EU350053","VTX00103","Glomus","Glomeraceae","Glomerales","Yes"
"VTX00104_AJ315526_Glomus_Glomeraceae_Glomerales","VTX00104_AJ315526_Glomus_Glomeraceae_Glomerales","AM","AJ315526","VTX00104","Glomus","Glomeraceae","Glomerales","Yes"
"VTX00105_AJ505617_Glomus_Glomeraceae_Glomerales","VTX00105_AJ505617_Glomus_Glomeraceae_Glomerales","AM","AJ505617","VTX00105","Glomus","Glomeraceae","Glomerales","Yes"
"VTX00106_AB178731_Glomus_Glomeraceae_Glomerales","VTX00106_AB178731_Glomus_Glomeraceae_Glomerales","AM","AB178731","VTX00106","Glomus","Glomeraceae","Glomerales","Yes"
"VTX00107_EU350068_Glomus_Glomeraceae_Glomerales","VTX00107_EU350068_Glomus_Glomeraceae_Glomerales","AM","EU350068","VTX00107","Glomus","Glomeraceae","Glomerales","Yes"
"VTX00108_AY330278_Glomus_Glomeraceae_Glomerales","VTX00108_AY330278_Glomus_Glomeraceae_Glomerales","AM","AY330278","VTX00108","Glomus","Glomeraceae","Glomerales","Yes"
"VTX00109_AY129575_Glomus_Glomeraceae_Glomerales","VTX00109_AY129575_Glomus_Glomeraceae_Glomerales","AM","AY129575","VTX00109","Glomus","Glomeraceae","Glomerales","Yes"
"VTX00111_EU417585_Glomus_Glomeraceae_Glomerales","VTX00111_EU417585_Glomus_Glomeraceae_Glomerales","AM","EU417585","VTX00111","Glomus","Glomeraceae","Glomerales","Yes"
"VTX00112_DQ336482_Glomus_Glomeraceae_Glomerales","VTX00112_DQ336482_Glomus_Glomeraceae_Glomerales","AM","DQ336482","VTX00112","Glomus","Glomeraceae","Glomerales","Yes"
"VTX00113_AJ418876_Glomus_Glomeraceae_Glomerales","VTX00113_AJ418876_Glomus_Glomeraceae_Glomerales","AM","AJ418876","VTX00113","Glomus","Glomeraceae","Glomerales","Yes"
"VTX00114_AM849267_Glomus_Glomeraceae_Glomerales","VTX00114_AM849267_Glomus_Glomeraceae_Glomerales","AM","AM849267","VTX00114","Glomus","Glomeraceae","Glomerales","Yes"
"VTX00114_AM849267_Rhizophagus_Glomeraceae_Glomerales","VTX00114_AM849267_Rhizophagus_Glomeraceae_Glomerales","AM","AM849267","VTX00114","Rhizophagus","Glomeraceae","Glomerales","Yes"
"VTX00115_AJ496056_Glomus_Glomeraceae_Glomerales","VTX00115_AJ496056_Glomus_Glomeraceae_Glomerales","AM","AJ496056","VTX00115","Glomus","Glomeraceae","Glomerales","Yes"
"VTX00117_DQ396700_Glomus_Glomeraceae_Glomerales","VTX00117_DQ396700_Glomus_Glomeraceae_Glomerales","AM","DQ396700","VTX00117","Glomus","Glomeraceae","Glomerales","Yes"
"VTX00118_DQ357115_Glomus_Glomeraceae_Glomerales","VTX00118_DQ357115_Glomus_Glomeraceae_Glomerales","AM","DQ357115","VTX00118","Glomus","Glomeraceae","Glomerales","Yes"
"VTX00120_AF437667_Glomus_Glomeraceae_Glomerales","VTX00120_AF437667_Glomus_Glomeraceae_Glomerales","AM","AF437667","VTX00120","Glomus","Glomeraceae","Glomerales","Yes"
"VTX00121_AF437663_Glomus_Glomeraceae_Glomerales","VTX00121_AF437663_Glomus_Glomeraceae_Glomerales","AM","AF437663","VTX00121","Glomus","Glomeraceae","Glomerales","Yes"
"VTX00122_AY129581_Glomus_Glomeraceae_Glomerales","VTX00122_AY129581_Glomus_Glomeraceae_Glomerales","AM","AY129581","VTX00122","Glomus","Glomeraceae","Glomerales","Yes"
"VTX00123_AF480153_Glomus_Glomeraceae_Glomerales","VTX00123_AF480153_Glomus_Glomeraceae_Glomerales","AM","AF480153","VTX00123","Glomus","Glomeraceae","Glomerales","Yes"
"VTX00124_AY129615_Glomus_Glomeraceae_Glomerales","VTX00124_AY129615_Glomus_Glomeraceae_Glomerales","AM","AY129615","VTX00124","Glomus","Glomeraceae","Glomerales","Yes"
"VTX00125_AM849263_Glomus_Glomeraceae_Glomerales","VTX00125_AM849263_Glomus_Glomeraceae_Glomerales","AM","AM849263","VTX00125","Glomus","Glomeraceae","Glomerales","Yes"
"VTX00126_AY129611_Glomus_Glomeraceae_Glomerales","VTX00126_AY129611_Glomus_Glomeraceae_Glomerales","AM","AY129611","VTX00126","Glomus","Glomeraceae","Glomerales","Yes"
"VTX00127_EF558776_Glomus_Glomeraceae_Glomerales","VTX00127_EF558776_Glomus_Glomeraceae_Glomerales","AM","EF558776","VTX00127","Glomus","Glomeraceae","Glomerales","Yes"
"VTX00128_DQ085198_Glomus_Glomeraceae_Glomerales","VTX00128_DQ085198_Glomus_Glomeraceae_Glomerales","AM","DQ085198","VTX00128","Glomus","Glomeraceae","Glomerales","Yes"
"VTX00129_AM849265_Glomus_Glomeraceae_Glomerales","VTX00129_AM849265_Glomus_Glomeraceae_Glomerales","AM","AM849265","VTX00129","Glomus","Glomeraceae","Glomerales","Yes"
"VTX00130_AJ418868_Glomus_Glomeraceae_Glomerales","VTX00130_AJ418868_Glomus_Glomeraceae_Glomerales","AM","AJ418868","VTX00130","Glomus","Glomeraceae","Glomerales","Yes"
"VTX00131_AB365855_Glomus_Glomeraceae_Glomerales","VTX00131_AB365855_Glomus_Glomeraceae_Glomerales","AM","AB365855","VTX00131","Glomus","Glomeraceae","Glomerales","Yes"
"VTX00132_AY129605_Glomus_Glomeraceae_Glomerales","VTX00132_AY129605_Glomus_Glomeraceae_Glomerales","AM","AY129605","VTX00132","Glomus","Glomeraceae","Glomerales","Yes"
"VTX00134_EF109887_Glomus_Glomeraceae_Glomerales","VTX00134_EF109887_Glomus_Glomeraceae_Glomerales","AM","EF109887","VTX00134","Glomus","Glomeraceae","Glomerales","Yes"
"VTX00135_AM849273_Glomus_Glomeraceae_Glomerales","VTX00135_AM849273_Glomus_Glomeraceae_Glomerales","AM","AM849273","VTX00135","Glomus","Glomeraceae","Glomerales","Yes"
"VTX00136_EF109877_Glomus_Glomeraceae_Glomerales","VTX00136_EF109877_Glomus_Glomeraceae_Glomerales","AM","EF109877","VTX00136","Glomus","Glomeraceae","Glomerales","Yes"
"VTX00137_AJ563890_Glomus_Glomeraceae_Glomerales","VTX00137_AJ563890_Glomus_Glomeraceae_Glomerales","AM","AJ563890","VTX00137","Glomus","Glomeraceae","Glomerales","Yes"
"VTX00140_AJ563896_Glomus_Glomeraceae_Glomerales","VTX00140_AJ563896_Glomus_Glomeraceae_Glomerales","AM","AJ563896","VTX00140","Glomus","Glomeraceae","Glomerales","Yes"
"VTX00142_EF109862_Glomus_Glomeraceae_Glomerales","VTX00142_EF109862_Glomus_Glomeraceae_Glomerales","AM","EF109862","VTX00142","Glomus","Glomeraceae","Glomerales","Yes"
"VTX00143_AM849290_Glomus_Glomeraceae_Glomerales","VTX00143_AM849290_Glomus_Glomeraceae_Glomerales","AM","AM849290","VTX00143","Glomus","Glomeraceae","Glomerales","Yes"
"VTX00144_EF109843_Glomus_Glomeraceae_Glomerales","VTX00144_EF109843_Glomus_Glomeraceae_Glomerales","AM","EF109843","VTX00144","Glomus","Glomeraceae","Glomerales","Yes"
"VTX00146_AB365857_Glomus_Glomeraceae_Glomerales","VTX00146_AB365857_Glomus_Glomeraceae_Glomerales","AM","AB365857","VTX00146","Glomus","Glomeraceae","Glomerales","Yes"
"VTX00148_DQ085213_Glomus_Glomeraceae_Glomerales","VTX00148_DQ085213_Glomus_Glomeraceae_Glomerales","AM","DQ085213","VTX00148","Glomus","Glomeraceae","Glomerales","Yes"
"VTX00149_AJ418873_Glomus_Glomeraceae_Glomerales","VTX00149_AJ418873_Glomus_Glomeraceae_Glomerales","AM","AJ418873","VTX00149","Glomus","Glomeraceae","Glomerales","Yes"
"VTX00150_FN263173_Glomus_Glomeraceae_Glomerales","VTX00150_FN263173_Glomus_Glomeraceae_Glomerales","AM","FN263173","VTX00150","Glomus","Glomeraceae","Glomerales","Yes"
"VTX00151_FJ194504_Glomus_Glomeraceae_Glomerales","VTX00151_FJ194504_Glomus_Glomeraceae_Glomerales","AM","FJ194504","VTX00151","Glomus","Glomeraceae","Glomerales","Yes"
"VTX00153_AJ496108_Glomus_Glomeraceae_Glomerales","VTX00153_AJ496108_Glomus_Glomeraceae_Glomerales","AM","AJ496108","VTX00153","Glomus","Glomeraceae","Glomerales","Yes"
"VTX00154_DQ396751_Glomus_Glomeraceae_Glomerales","VTX00154_DQ396751_Glomus_Glomeraceae_Glomerales","AM","DQ396751","VTX00154","Glomus","Glomeraceae","Glomerales","Yes"
"VTX00155_DQ164825_Glomus_Glomeraceae_Glomerales","VTX00155_DQ164825_Glomus_Glomeraceae_Glomerales","AM","DQ164825","VTX00155","Glomus","Glomeraceae","Glomerales","Yes"
"VTX00156_AJ563861_Glomus_Glomeraceae_Glomerales","VTX00156_AJ563861_Glomus_Glomeraceae_Glomerales","AM","AJ563861","VTX00156","Glomus","Glomeraceae","Glomerales","Yes"
"VTX00158_EF558789_Glomus_Glomeraceae_Glomerales","VTX00158_EF558789_Glomus_Glomeraceae_Glomerales","AM","EF558789","VTX00158","Glomus","Glomeraceae","Glomerales","Yes"
"VTX00159_AY499494_Glomus_Glomeraceae_Glomerales","VTX00159_AY499494_Glomus_Glomeraceae_Glomerales","AM","AY499494","VTX00159","Glomus","Glomeraceae","Glomerales","Yes"
"VTX00160_AM849314_Glomus_Glomeraceae_Glomerales","VTX00160_AM849314_Glomus_Glomeraceae_Glomerales","AM","AM849314","VTX00160","Glomus","Glomeraceae","Glomerales","Yes"
"VTX00163_AM849298_Glomus_Glomeraceae_Glomerales","VTX00163_AM849298_Glomus_Glomeraceae_Glomerales","AM","AM849298","VTX00163","Glomus","Glomeraceae","Glomerales","Yes"
"VTX00165_EF154349_Glomus_Glomeraceae_Glomerales","VTX00165_EF154349_Glomus_Glomeraceae_Glomerales","AM","EF154349","VTX00165","Glomus","Glomeraceae","Glomerales","Yes"
"VTX00166_AJ418860_Glomus_Glomeraceae_Glomerales","VTX00166_AJ418860_Glomus_Glomeraceae_Glomerales","AM","AJ418860","VTX00166","Glomus","Glomeraceae","Glomerales","Yes"
"VTX00167_EU350060_Glomus_Glomeraceae_Glomerales","VTX00167_EU350060_Glomus_Glomeraceae_Glomerales","AM","EU350060","VTX00167","Glomus","Glomeraceae","Glomerales","Yes"
"VTX00169_EF109866_Glomus_Glomeraceae_Glomerales","VTX00169_EF109866_Glomus_Glomeraceae_Glomerales","AM","EF109866","VTX00169","Glomus","Glomeraceae","Glomerales","Yes"
"VTX00170_AY273603_Acaulospora_Acaulosporaceae_Diversisporales","VTX00170_AY273603_Acaulospora_Acaulosporaceae_Diversisporales","AM","AY273603","VTX00170","Acaulospora","Acaulosporaceae","Diversisporales","Yes"
"VTX00172_EF109857_Glomus_Glomeraceae_Glomerales","VTX00172_EF109857_Glomus_Glomeraceae_Glomerales","AM","EF109857","VTX00172","Glomus","Glomeraceae","Glomerales","Yes"
"VTX00173_EF109824_Glomus_Glomeraceae_Glomerales","VTX00173_EF109824_Glomus_Glomeraceae_Glomerales","AM","EF109824","VTX00173","Glomus","Glomeraceae","Glomerales","Yes"
"VTX00174_AB365848_Glomus_Glomeraceae_Glomerales","VTX00174_AB365848_Glomus_Glomeraceae_Glomerales","AM","AB365848","VTX00174","Glomus","Glomeraceae","Glomerales","Yes"
"VTX00175_AM412105_Glomus_Glomeraceae_Glomerales","VTX00175_AM412105_Glomus_Glomeraceae_Glomerales","AM","AM412105","VTX00175","Glomus","Glomeraceae","Glomerales","Yes"
"VTX00176_AF131032_Acaulospora_Acaulosporaceae_Diversisporales","VTX00176_AF131032_Acaulospora_Acaulosporaceae_Diversisporales","AM","AF131032","VTX00176","Acaulospora","Acaulosporaceae","Diversisporales","Yes"
"VTX00177_AM746136_Glomus_Glomeraceae_Glomerales","VTX00177_AM746136_Glomus_Glomeraceae_Glomerales","AM","AM746136","VTX00177","Glomus","Glomeraceae","Glomerales","Yes"
"VTX00178_AJ430852_Glomus_Glomeraceae_Glomerales","VTX00178_AJ430852_Glomus_Glomeraceae_Glomerales","AM","AJ430852","VTX00178","Glomus","Glomeraceae","Glomerales","Yes"
"VTX00179_EF447231_Glomus_Glomeraceae_Glomerales","VTX00179_EF447231_Glomus_Glomeraceae_Glomerales","AM","EF447231","VTX00179","Glomus","Glomeraceae","Glomerales","Yes"
"VTX00180_EU417648_Glomus_Glomeraceae_Glomerales","VTX00180_EU417648_Glomus_Glomeraceae_Glomerales","AM","EU417648","VTX00180","Glomus","Glomeraceae","Glomerales","Yes"
"VTX00181_DQ371685_Glomus_Glomeraceae_Glomerales","VTX00181_DQ371685_Glomus_Glomeraceae_Glomerales","AM","DQ371685","VTX00181","Glomus","Glomeraceae","Glomerales","Yes"
"VTX00182_DQ336498_Glomus_Glomeraceae_Glomerales","VTX00182_DQ336498_Glomus_Glomeraceae_Glomerales","AM","DQ336498","VTX00182","Glomus","Glomeraceae","Glomerales","Yes"
"VTX00183_DQ336480_Glomus_Glomeraceae_Glomerales","VTX00183_DQ336480_Glomus_Glomeraceae_Glomerales","AM","DQ336480","VTX00183","Glomus","Glomeraceae","Glomerales","Yes"
"VTX00184_AB183910_Glomus_Glomeraceae_Glomerales","VTX00184_AB183910_Glomus_Glomeraceae_Glomerales","AM","AB183910","VTX00184","Glomus","Glomeraceae","Glomerales","Yes"
"VTX00185_AB365808_Glomus_Glomeraceae_Glomerales","VTX00185_AB365808_Glomus_Glomeraceae_Glomerales","AM","AB365808","VTX00185","Glomus","Glomeraceae","Glomerales","Yes"
"VTX00186_AM412533_Glomus_Glomeraceae_Glomerales","VTX00186_AM412533_Glomus_Glomeraceae_Glomerales","AM","AM412533","VTX00186","Glomus","Glomeraceae","Glomerales","Yes"
"VTX00187_AM849326_Glomus_Glomeraceae_Glomerales","VTX00187_AM849326_Glomus_Glomeraceae_Glomerales","AM","AM849326","VTX00187","Glomus","Glomeraceae","Glomerales","Yes"
"VTX00188_AJ563901_Glomus_Glomeraceae_Glomerales","VTX00188_AJ563901_Glomus_Glomeraceae_Glomerales","AM","AJ563901","VTX00188","Glomus","Glomeraceae","Glomerales","Yes"
"VTX00189_AF437677_Glomus_Glomeraceae_Glomerales","VTX00189_AF437677_Glomus_Glomeraceae_Glomerales","AM","AF437677","VTX00189","Glomus","Glomeraceae","Glomerales","Yes"
"VTX00191_AM849300_Glomus_Glomeraceae_Glomerales","VTX00191_AM849300_Glomus_Glomeraceae_Glomerales","AM","AM849300","VTX00191","Glomus","Glomeraceae","Glomerales","Yes"
"VTX00193_AJ276087_Claroideoglomus_Claroideoglomeraceae_Glomerales","VTX00193_AJ276087_Claroideoglomus_Claroideoglomeraceae_Glomerales","AM","AJ276087","VTX00193","Claroideoglomus","Claroideoglomeraceae","Glomerales","Yes"
"VTX00194_AM849257_Glomus_Glomeraceae_Glomerales","VTX00194_AM849257_Glomus_Glomeraceae_Glomerales","AM","AM849257","VTX00194","Glomus","Glomeraceae","Glomerales","Yes"
"VTX00195_AY330284_Glomus_Glomeraceae_Glomerales","VTX00195_AY330284_Glomus_Glomeraceae_Glomerales","AM","AY330284","VTX00195","Glomus","Glomeraceae","Glomerales","Yes"
"VTX00196_AM849324_Glomus_Glomeraceae_Glomerales","VTX00196_AM849324_Glomus_Glomeraceae_Glomerales","AM","AM849324","VTX00196","Glomus","Glomeraceae","Glomerales","Yes"
"VTX00197_AM746134_Glomus_Glomeraceae_Glomerales","VTX00197_AM746134_Glomus_Glomeraceae_Glomerales","AM","AM746134","VTX00197","Glomus","Glomeraceae","Glomerales","Yes"
"VTX00199_AM849311_Glomus_Glomeraceae_Glomerales","VTX00199_AM849311_Glomus_Glomeraceae_Glomerales","AM","AM849311","VTX00199","Glomus","Glomeraceae","Glomerales","Yes"
"VTX00200_AY129571_Glomus_Glomeraceae_Glomerales","VTX00200_AY129571_Glomus_Glomeraceae_Glomerales","AM","AY129571","VTX00200","Glomus","Glomeraceae","Glomerales","Yes"
"VTX00202_AJ563889_Glomus_Glomeraceae_Glomerales","VTX00202_AJ563889_Glomus_Glomeraceae_Glomerales","AM","AJ563889","VTX00202","Glomus","Glomeraceae","Glomerales","Yes"
"VTX00203_AY512365_Glomus_Glomeraceae_Glomerales","VTX00203_AY512365_Glomus_Glomeraceae_Glomerales","AM","AY512365","VTX00203","Glomus","Glomeraceae","Glomerales","Yes"
"VTX00204_DQ371690_Glomus_Glomeraceae_Glomerales","VTX00204_DQ371690_Glomus_Glomeraceae_Glomerales","AM","DQ371690","VTX00204","Glomus","Glomeraceae","Glomerales","Yes"
"VTX00206_AY129588_Glomus_Glomeraceae_Glomerales","VTX00206_AY129588_Glomus_Glomeraceae_Glomerales","AM","AY129588","VTX00206","Glomus","Glomeraceae","Glomerales","Yes"
"VTX00208_AJ315519_Glomus_Glomeraceae_Glomerales","VTX00208_AJ315519_Glomus_Glomeraceae_Glomerales","AM","AJ315519","VTX00208","Glomus","Glomeraceae","Glomerales","Yes"
"VTX00209_AY129586_Glomus_Glomeraceae_Glomerales","VTX00209_AY129586_Glomus_Glomeraceae_Glomerales","AM","AY129586","VTX00209","Glomus","Glomeraceae","Glomerales","Yes"
"VTX00210_AB076302_Glomus_Glomeraceae_Glomerales","VTX00210_AB076302_Glomus_Glomeraceae_Glomerales","AM","AB076302","VTX00210","Glomus","Glomeraceae","Glomerales","Yes"
"VTX00212_AY916397_Glomus_Glomeraceae_Glomerales","VTX00212_AY916397_Glomus_Glomeraceae_Glomerales","AM","AY916397","VTX00212","Glomus","Glomeraceae","Glomerales","Yes"
"VTX00213_HE799067_Glomus_Glomeraceae_Glomerales","VTX00213_HE799067_Glomus_Glomeraceae_Glomerales","AM","HE799067","VTX00213","Glomus","Glomeraceae","Glomerales","Yes"
"VTX00214_AF074370_Glomus_Glomeraceae_Glomerales","VTX00214_AF074370_Glomus_Glomeraceae_Glomerales","AM","AF074370","VTX00214","Glomus","Glomeraceae","Glomerales","Yes"
"VTX00215_AY129583_Glomus_Glomeraceae_Glomerales","VTX00215_AY129583_Glomus_Glomeraceae_Glomerales","AM","AY129583","VTX00215","Glomus","Glomeraceae","Glomerales","Yes"
"VTX00216_AJ854081_Glomus_Glomeraceae_Glomerales","VTX00216_AJ854081_Glomus_Glomeraceae_Glomerales","AM","AJ854081","VTX00216","Glomus","Glomeraceae","Glomerales","Yes"
"VTX00217_DQ336508_Glomus_Glomeraceae_Glomerales","VTX00217_DQ336508_Glomus_Glomeraceae_Glomerales","AM","DQ336508","VTX00217","Glomus","Glomeraceae","Glomerales","Yes"
"VTX00219_AM849279_Glomus_Glomeraceae_Glomerales","VTX00219_AM849279_Glomus_Glomeraceae_Glomerales","AM","AM849279","VTX00219","Glomus","Glomeraceae","Glomerales","Yes"
"VTX00222_AM849264_Glomus_Glomeraceae_Glomerales","VTX00222_AM849264_Glomus_Glomeraceae_Glomerales","AM","AM849264","VTX00222","Glomus","Glomeraceae","Glomerales","Yes"
"VTX00223_FJ194508_Glomus_Glomeraceae_Glomerales","VTX00223_FJ194508_Glomus_Glomeraceae_Glomerales","AM","FJ194508","VTX00223","Glomus","Glomeraceae","Glomerales","Yes"
"VTX00224_AB183976_Glomus_Glomeraceae_Glomerales","VTX00224_AB183976_Glomus_Glomeraceae_Glomerales","AM","AB183976","VTX00224","Glomus","Glomeraceae","Glomerales","Yes"
"VTX00225_EF041080_Claroideoglomus_Claroideoglomeraceae_Glomerales","VTX00225_EF041080_Claroideoglomus_Claroideoglomeraceae_Glomerales","AM","EF041080","VTX00225","Claroideoglomus","Claroideoglomeraceae","Glomerales","Yes"
"VTX00227_DQ371692_Acaulospora_Acaulosporaceae_Diversisporales","VTX00227_DQ371692_Acaulospora_Acaulosporaceae_Diversisporales","AM","DQ371692","VTX00227","Acaulospora","Acaulosporaceae","Diversisporales","Yes"
"VTX00228_AF074348_Acaulospora_Acaulosporaceae_Diversisporales","VTX00228_AF074348_Acaulospora_Acaulosporaceae_Diversisporales","AM","AF074348","VTX00228","Acaulospora","Acaulosporaceae","Diversisporales","Yes"
"VTX00229_AY273574_Glomus_Glomeraceae_Glomerales","VTX00229_AY273574_Glomus_Glomeraceae_Glomerales","AM","AY273574","VTX00229","Glomus","Glomeraceae","Glomerales","Yes"
"VTX00230_EU573719_Acaulospora_Acaulosporaceae_Diversisporales","VTX00230_EU573719_Acaulospora_Acaulosporaceae_Diversisporales","AM","EU573719","VTX00230","Acaulospora","Acaulosporaceae","Diversisporales","Yes"
"VTX00231_AJ306440_Acaulospora_Acaulosporaceae_Diversisporales","VTX00231_AJ306440_Acaulospora_Acaulosporaceae_Diversisporales","AM","AJ306440","VTX00231","Acaulospora","Acaulosporaceae","Diversisporales","Yes"
"VTX00233_AJ496098_Glomus_Glomeraceae_Glomerales","VTX00233_AJ496098_Glomus_Glomeraceae_Glomerales","AM","AJ496098","VTX00233","Glomus","Glomeraceae","Glomerales","Yes"
"VTX00234_DQ357117_Glomus_Glomeraceae_Glomerales","VTX00234_DQ357117_Glomus_Glomeraceae_Glomerales","AM","DQ357117","VTX00234","Glomus","Glomeraceae","Glomerales","Yes"
"VTX00235_DQ336488_Glomus_Glomeraceae_Glomerales","VTX00235_DQ336488_Glomus_Glomeraceae_Glomerales","AM","DQ336488","VTX00235","Glomus","Glomeraceae","Glomerales","Yes"
"VTX00236_AY273535_Glomus_Glomeraceae_Glomerales","VTX00236_AY273535_Glomus_Glomeraceae_Glomerales","AM","AY273535","VTX00236","Glomus","Glomeraceae","Glomerales","Yes"
"VTX00237_AF202280_Claroideoglomus_Claroideoglomeraceae_Glomerales","VTX00237_AF202280_Claroideoglomus_Claroideoglomeraceae_Glomerales","AM","AF202280","VTX00237","Claroideoglomus","Claroideoglomeraceae","Glomerales","Yes"
"VTX00238_AJ276081_Paraglomus_Paraglomeraceae_Paraglomerales","VTX00238_AJ276081_Paraglomus_Paraglomeraceae_Paraglomerales","AM","AJ276081","VTX00238","Paraglomus","Paraglomeraceae","Paraglomerales","Yes"
"VTX00239_AJ301862_Paraglomus_Paraglomeraceae_Paraglomerales","VTX00239_AJ301862_Paraglomus_Paraglomeraceae_Paraglomerales","AM","AJ301862","VTX00239","Paraglomus","Paraglomeraceae","Paraglomerales","Yes"
"VTX00241_Y15904_Geosiphon_Geosiphonaceae_Archaeosporales","VTX00241_Y15904_Geosiphon_Geosiphonaceae_Archaeosporales","Cyanobacterial_Endosymbiont","Y15904","VTX00241","Geosiphon","Geosiphonaceae","Archaeosporales","Yes"
"VTX00242_AB015052_Ambispora_Ambisporaceae_Archaeosporales","VTX00242_AB015052_Ambispora_Ambisporaceae_Archaeosporales","AM","AB015052","VTX00242","Ambispora","Ambisporaceae","Archaeosporales","Yes"
"VTX00244_AY459195_Glomus_Glomeraceae_Glomerales","VTX00244_AY459195_Glomus_Glomeraceae_Glomerales","AM","AY459195","VTX00244","Glomus","Glomeraceae","Glomerales","Yes"
"VTX00245_AJ006800_Archaeospora_Archaeosporaceae_Archaeosporales","VTX00245_AJ006800_Archaeospora_Archaeosporaceae_Archaeosporales","AM","AJ006800","VTX00245","Archaeospora","Archaeosporaceae","Archaeosporales","Yes"
"VTX00246_AB183981_Glomus_Glomeraceae_Glomerales","VTX00246_AB183981_Glomus_Glomeraceae_Glomerales","AM","AB183981","VTX00246","Glomus","Glomeraceae","Glomerales","Yes"
"VTX00247_AY129627_Glomus_Glomeraceae_Glomerales","VTX00247_AY129627_Glomus_Glomeraceae_Glomerales","AM","AY129627","VTX00247","Glomus","Glomeraceae","Glomerales","Yes"
"VTX00248_AB365803_Glomus_Glomeraceae_Glomerales","VTX00248_AB365803_Glomus_Glomeraceae_Glomerales","AM","AB365803","VTX00248","Glomus","Glomeraceae","Glomerales","Yes"
"VTX00249_AB178750_Acaulospora_Acaulosporaceae_Diversisporales","VTX00249_AB178750_Acaulospora_Acaulosporaceae_Diversisporales","AM","AB178750","VTX00249","Acaulospora","Acaulosporaceae","Diversisporales","Yes"
"VTX00251_Z14012_Scutellospora_Gigasporaceae_Diversisporales","VTX00251_Z14012_Scutellospora_Gigasporaceae_Diversisporales","AM","Z14012","VTX00251","Scutellospora","Gigasporaceae","Diversisporales","Yes"
"VTX00253_AM746148_Glomus_Glomeraceae_Glomerales","VTX00253_AM746148_Glomus_Glomeraceae_Glomerales","AM","AM746148","VTX00253","Glomus","Glomeraceae","Glomerales","Yes"
"VTX00254_AJ306436_Scutellospora_Gigasporaceae_Diversisporales","VTX00254_AJ306436_Scutellospora_Gigasporaceae_Diversisporales","AM","AJ306436","VTX00254","Scutellospora","Gigasporaceae","Diversisporales","Yes"
"VTX00255_AJ306434_Scutellospora_Gigasporaceae_Diversisporales","VTX00255_AJ306434_Scutellospora_Gigasporaceae_Diversisporales","AM","AJ306434","VTX00255","Scutellospora","Gigasporaceae","Diversisporales","Yes"
"VTX00256_EU332734_Glomus_Glomeraceae_Glomerales","VTX00256_EU332734_Glomus_Glomeraceae_Glomerales","AM","EU332734","VTX00256","Glomus","Glomeraceae","Glomerales","Yes"
"VTX00258_AB076335_Glomus_Glomeraceae_Glomerales","VTX00258_AB076335_Glomus_Glomeraceae_Glomerales","AM","AB076335","VTX00258","Glomus","Glomeraceae","Glomerales","Yes"
"VTX00259_AB178721_Glomus_Glomeraceae_Glomerales","VTX00259_AB178721_Glomus_Glomeraceae_Glomerales","AM","AB178721","VTX00259","Glomus","Glomeraceae","Glomerales","Yes"
"VTX00260_AJ242729_Scutellospora_Gigasporaceae_Diversisporales","VTX00260_AJ242729_Scutellospora_Gigasporaceae_Diversisporales","AM","AJ242729","VTX00260","Scutellospora","Gigasporaceae","Diversisporales","Yes"
"VTX00261_AJ306437_Scutellospora_Gigasporaceae_Diversisporales","VTX00261_AJ306437_Scutellospora_Gigasporaceae_Diversisporales","AM","AJ306437","VTX00261","Scutellospora","Gigasporaceae","Diversisporales","Yes"
"VTX00262_AM418543_Redeckera_Diversisporaceae_Diversisporales","VTX00262_AM418543_Redeckera_Diversisporaceae_Diversisporales","AM","AM418543","VTX00262","Redeckera","Diversisporaceae","Diversisporales","Yes"
"VTX00263_Y17650_Diversispora_Diversisporaceae_Diversisporales","VTX00263_Y17650_Diversispora_Diversisporaceae_Diversisporales","AM","Y17650","VTX00263","Diversispora","Diversisporaceae","Diversisporales","Yes"
"VTX00264_AJ276084_Glomus_Glomeraceae_Glomerales","VTX00264_AJ276084_Glomus_Glomeraceae_Glomerales","AM","AJ276084","VTX00264","Glomus","Glomeraceae","Glomerales","Yes"
"VTX00265_AJ276086_Glomus_Glomeraceae_Glomerales","VTX00265_AJ276086_Glomus_Glomeraceae_Glomerales","AM","AJ276086","VTX00265","Glomus","Glomeraceae","Glomerales","Yes"
"VTX00268_EU169411_Glomus_Glomeraceae_Glomerales","VTX00268_EU169411_Glomus_Glomeraceae_Glomerales","AM","EU169411","VTX00268","Glomus","Glomeraceae","Glomerales","Yes"
"VTX00269_DQ371674_Glomus_Glomeraceae_Glomerales","VTX00269_DQ371674_Glomus_Glomeraceae_Glomerales","AM","DQ371674","VTX00269","Glomus","Glomeraceae","Glomerales","Yes"
"VTX00270_AB365831_Glomus_Glomeraceae_Glomerales","VTX00270_AB365831_Glomus_Glomeraceae_Glomerales","AM","AB365831","VTX00270","Glomus","Glomeraceae","Glomerales","Yes"
"VTX00272_AF074344_Acaulospora_Acaulosporaceae_Diversisporales","VTX00272_AF074344_Acaulospora_Acaulosporaceae_Diversisporales","AM","AF074344","VTX00272","Acaulospora","Acaulosporaceae","Diversisporales","Yes"
"VTX00276_EF041095_Claroideoglomus_Claroideoglomeraceae_Glomerales","VTX00276_EF041095_Claroideoglomus_Claroideoglomeraceae_Glomerales","AM","EF041095","VTX00276","Claroideoglomus","Claroideoglomeraceae","Glomerales","Yes"
"VTX00278_FJ194513_Claroideoglomus_Claroideoglomeraceae_Glomerales","VTX00278_FJ194513_Claroideoglomus_Claroideoglomeraceae_Glomerales","AM","FJ194513","VTX00278","Claroideoglomus","Claroideoglomeraceae","Glomerales","Yes"
"VTX00279_EU332741_Claroideoglomus_Claroideoglomeraceae_Glomerales","VTX00279_EU332741_Claroideoglomus_Claroideoglomeraceae_Glomerales","AM","EU332741","VTX00279","Claroideoglomus","Claroideoglomeraceae","Glomerales","Yes"
"VTX00280_AM412083_Glomus_Glomeraceae_Glomerales","VTX00280_AM412083_Glomus_Glomeraceae_Glomerales","AM","AM412083","VTX00280","Glomus","Glomeraceae","Glomerales","Yes"
"VTX00281_AM295493_Paraglomus_Paraglomeraceae_Paraglomerales","VTX00281_AM295493_Paraglomus_Paraglomeraceae_Paraglomerales","AM","AM295493","VTX00281","Paraglomus","Paraglomeraceae","Paraglomerales","Yes"
"VTX00283_AM268193_Ambispora_Ambisporaceae_Archaeosporales","VTX00283_AM268193_Ambispora_Ambisporaceae_Archaeosporales","AM","AM268193","VTX00283","Ambispora","Ambisporaceae","Archaeosporales","Yes"
"VTX00284_AJ619948_Pacispora_Pacisporaceae_Diversisporales","VTX00284_AJ619948_Pacispora_Pacisporaceae_Diversisporales","AM","AJ619948","VTX00284","Pacispora","Pacisporaceae","Diversisporales","Yes"
"VTX00286_U36593_Scutellospora_Gigasporaceae_Diversisporales","VTX00286_U36593_Scutellospora_Gigasporaceae_Diversisporales","AM","U36593","VTX00286","Scutellospora","Gigasporaceae","Diversisporales","Yes"
"VTX00287_FJ164237_Glomus_Glomeraceae_Glomerales","VTX00287_FJ164237_Glomus_Glomeraceae_Glomerales","AM","FJ164237","VTX00287","Glomus","Glomeraceae","Glomerales","Yes"
"VTX00288_AB076300_Glomus_Glomeraceae_Glomerales","VTX00288_AB076300_Glomus_Glomeraceae_Glomerales","AM","AB076300","VTX00288","Glomus","Glomeraceae","Glomerales","Yes"
"VTX00290_AB076325_Glomus_Glomeraceae_Glomerales","VTX00290_AB076325_Glomus_Glomeraceae_Glomerales","AM","AB076325","VTX00290","Glomus","Glomeraceae","Glomerales","Yes"
"VTX00291_AB178719_Glomus_Glomeraceae_Glomerales","VTX00291_AB178719_Glomus_Glomeraceae_Glomerales","AM","AB178719","VTX00291","Glomus","Glomeraceae","Glomerales","Yes"
"VTX00292_DQ085208_Glomus_Glomeraceae_Glomerales","VTX00292_DQ085208_Glomus_Glomeraceae_Glomerales","AM","DQ085208","VTX00292","Glomus","Glomeraceae","Glomerales","Yes"
"VTX00293_DQ396779_Glomus_Glomeraceae_Glomerales","VTX00293_DQ396779_Glomus_Glomeraceae_Glomerales","AM","DQ396779","VTX00293","Glomus","Glomeraceae","Glomerales","Yes"
"VTX00294_EF154586_Glomus_Glomeraceae_Glomerales","VTX00294_EF154586_Glomus_Glomeraceae_Glomerales","AM","EF154586","VTX00294","Glomus","Glomeraceae","Glomerales","Yes"
"VTX00295_EU350057_Glomus_Glomeraceae_Glomerales","VTX00295_EU350057_Glomus_Glomeraceae_Glomerales","AM","EU350057","VTX00295","Glomus","Glomeraceae","Glomerales","Yes"
"VTX00296_AY330285_Glomus_Glomeraceae_Glomerales","VTX00296_AY330285_Glomus_Glomeraceae_Glomerales","AM","AY330285","VTX00296","Glomus","Glomeraceae","Glomerales","Yes"
"VTX00297_FN556618_Claroideoglomus_Claroideoglomeraceae_Glomerales","VTX00297_FN556618_Claroideoglomus_Claroideoglomeraceae_Glomerales","AM","FN556618","VTX00297","Claroideoglomus","Claroideoglomeraceae","Glomerales","Yes"
"VTX00301_FM875889_Glomus_Glomeraceae_Glomerales","VTX00301_FM875889_Glomus_Glomeraceae_Glomerales","AM","FM875889","VTX00301","Glomus","Glomeraceae","Glomerales","Yes"
"VTX00302_EU169401_Glomus_Glomeraceae_Glomerales","VTX00302_EU169401_Glomus_Glomeraceae_Glomerales","AM","EU169401","VTX00302","Glomus","Glomeraceae","Glomerales","Yes"
"VTX00303_EU169403_Glomus_Glomeraceae_Glomerales","VTX00303_EU169403_Glomus_Glomeraceae_Glomerales","AM","EU169403","VTX00303","Glomus","Glomeraceae","Glomerales","Yes"
"VTX00304_FM875902_Glomus_Glomeraceae_Glomerales","VTX00304_FM875902_Glomus_Glomeraceae_Glomerales","AM","FM875902","VTX00304","Glomus","Glomeraceae","Glomerales","Yes"
"VTX00305_FN556632_Glomus_Glomeraceae_Glomerales","VTX00305_FN556632_Glomus_Glomeraceae_Glomerales","AM","FN556632","VTX00305","Glomus","Glomeraceae","Glomerales","Yes"
"VTX00306_FM875900_Diversispora_Diversisporaceae_Diversisporales","VTX00306_FM875900_Diversispora_Diversisporaceae_Diversisporales","AM","FM875900","VTX00306","Diversispora","Diversisporaceae","Diversisporales","Yes"
"VTX00307_DQ263795_Glomus_Glomeraceae_Glomerales","VTX00307_DQ263795_Glomus_Glomeraceae_Glomerales","AM","DQ263795","VTX00307","Glomus","Glomeraceae","Glomerales","Yes"
"VTX00308_EU123462_Paraglomus_Paraglomeraceae_Paraglomerales","VTX00308_EU123462_Paraglomus_Paraglomeraceae_Paraglomerales","AM","EU123462","VTX00308","Paraglomus","Paraglomeraceae","Paraglomerales","Yes"
"VTX00309_FJ194511_Glomus_Glomeraceae_Glomerales","VTX00309_FJ194511_Glomus_Glomeraceae_Glomerales","AM","FJ194511","VTX00309","Glomus","Glomeraceae","Glomerales","Yes"
"VTX00310_FJ194510_Glomus_Glomeraceae_Glomerales","VTX00310_FJ194510_Glomus_Glomeraceae_Glomerales","AM","FJ194510","VTX00310","Glomus","Glomeraceae","Glomerales","Yes"
"VTX00311_FM876953_Glomus_Glomeraceae_Glomerales","VTX00311_FM876953_Glomus_Glomeraceae_Glomerales","AM","FM876953","VTX00311","Glomus","Glomeraceae","Glomerales","Yes"
"VTX00312_FN263137_Glomus_Glomeraceae_Glomerales","VTX00312_FN263137_Glomus_Glomeraceae_Glomerales","AM","FN263137","VTX00312","Glomus","Glomeraceae","Glomerales","Yes"
"VTX00313_HF568696_Glomus_Glomeraceae_Glomerales","VTX00313_HF568696_Glomus_Glomeraceae_Glomerales","AM","HF568696","VTX00313","Glomus","Glomeraceae","Glomerales","Yes"
"VTX00315_AM746140_Glomus_Glomeraceae_Glomerales","VTX00315_AM746140_Glomus_Glomeraceae_Glomerales","AM","AM746140","VTX00315","Glomus","Glomeraceae","Glomerales","Yes"
"VTX00316_FR837672_Glomus_Glomeraceae_Glomerales","VTX00316_FR837672_Glomus_Glomeraceae_Glomerales","AM","FR837672","VTX00316","Glomus","Glomeraceae","Glomerales","Yes"
"VTX00317_FR728532_Glomus_Glomeraceae_Glomerales","VTX00317_FR728532_Glomus_Glomeraceae_Glomerales","AM","FR728532","VTX00317","Glomus","Glomeraceae","Glomerales","Yes"
"VTX00318_GU353455_Scutellospora_Gigasporaceae_Diversisporales","VTX00318_GU353455_Scutellospora_Gigasporaceae_Diversisporales","AM","GU353455","VTX00318","Scutellospora","Gigasporaceae","Diversisporales","Yes"
"VTX00319_GU183694_Glomus_Glomeraceae_Glomerales","VTX00319_GU183694_Glomus_Glomeraceae_Glomerales","AM","GU183694","VTX00319","Glomus","Glomeraceae","Glomerales","Yes"
"VTX00320_FN869755_Glomus_Glomeraceae_Glomerales","VTX00320_FN869755_Glomus_Glomeraceae_Glomerales","AM","FN869755","VTX00320","Glomus","Glomeraceae","Glomerales","Yes"
"VTX00322_EU340294_Glomus_Glomeraceae_Glomerales","VTX00322_EU340294_Glomus_Glomeraceae_Glomerales","AM","EU340294","VTX00322","Glomus","Glomeraceae","Glomerales","Yes"
"VTX00323_GU183691_Glomus_Glomeraceae_Glomerales","VTX00323_GU183691_Glomus_Glomeraceae_Glomerales","AM","GU183691","VTX00323","Glomus","Glomeraceae","Glomerales","Yes"
"VTX00324_GU353741_Glomus_Glomeraceae_Glomerales","VTX00324_GU353741_Glomus_Glomeraceae_Glomerales","AM","GU353741","VTX00324","Glomus","Glomeraceae","Glomerales","Yes"
"VTX00325_AY702061_Glomus_Glomeraceae_Glomerales","VTX00325_AY702061_Glomus_Glomeraceae_Glomerales","AM","AY702061","VTX00325","Glomus","Glomeraceae","Glomerales","Yes"
"VTX00326_EU340316_Glomus_Glomeraceae_Glomerales","VTX00326_EU340316_Glomus_Glomeraceae_Glomerales","AM","EU340316","VTX00326","Glomus","Glomeraceae","Glomerales","Yes"
"VTX00327_JF414192_Glomus_Glomeraceae_Glomerales","VTX00327_JF414192_Glomus_Glomeraceae_Glomerales","AM","JF414192","VTX00327","Glomus","Glomeraceae","Glomerales","Yes"
"VTX00328_JF414178_Acaulospora_Acaulosporaceae_Diversisporales","VTX00328_JF414178_Acaulospora_Acaulosporaceae_Diversisporales","AM","JF414178","VTX00328","Acaulospora","Acaulosporaceae","Diversisporales","Yes"
"VTX00329_HQ993285_Glomus_Glomeraceae_Glomerales","VTX00329_HQ993285_Glomus_Glomeraceae_Glomerales","AM","HQ993285","VTX00329","Glomus","Glomeraceae","Glomerales","Yes"
"VTX00331_GU353949_Glomus_Glomeraceae_Glomerales","VTX00331_GU353949_Glomus_Glomeraceae_Glomerales","AM","GU353949","VTX00331","Glomus","Glomeraceae","Glomerales","Yes"
"VTX00332_GU353947_Glomus_Glomeraceae_Glomerales","VTX00332_GU353947_Glomus_Glomeraceae_Glomerales","AM","GU353947","VTX00332","Glomus","Glomeraceae","Glomerales","Yes"
"VTX00333_FN859983_Glomus_Glomeraceae_Glomerales","VTX00333_FN859983_Glomus_Glomeraceae_Glomerales","AM","FN859983","VTX00333","Glomus","Glomeraceae","Glomerales","Yes"
"VTX00334_FN869758_Glomus_Glomeraceae_Glomerales","VTX00334_FN869758_Glomus_Glomeraceae_Glomerales","AM","FN869758","VTX00334","Glomus","Glomeraceae","Glomerales","Yes"
"VTX00335_FN646035_Paraglomus_Paraglomeraceae_Paraglomerales","VTX00335_FN646035_Paraglomus_Paraglomeraceae_Paraglomerales","AM","FN646035","VTX00335","Paraglomus","Paraglomeraceae","Paraglomerales","Yes"
"VTX00336_HF568727_Paraglomus_Paraglomeraceae_Paraglomerales","VTX00336_HF568727_Paraglomus_Paraglomeraceae_Paraglomerales","AM","HF568727","VTX00336","Paraglomus","Paraglomeraceae","Paraglomerales","Yes"
"VTX00337_GU598391_Paraglomus_Paraglomeraceae_Paraglomerales","VTX00337_GU598391_Paraglomus_Paraglomeraceae_Paraglomerales","AM","GU598391","VTX00337","Paraglomus","Paraglomeraceae","Paraglomerales","Yes"
"VTX00338_FN869849_Archaeospora_Archaeosporaceae_Archaeosporales","VTX00338_FN869849_Archaeospora_Archaeosporaceae_Archaeosporales","AM","FN869849","VTX00338","Archaeospora","Archaeosporaceae","Archaeosporales","Yes"
"VTX00339_FN820273_Ambispora_Ambisporaceae_Archaeosporales","VTX00339_FN820273_Ambispora_Ambisporaceae_Archaeosporales","AM","FN820273","VTX00339","Ambispora","Ambisporaceae","Archaeosporales","Yes"
"VTX00340_FN869794_Claroideoglomus_Claroideoglomeraceae_Glomerales","VTX00340_FN869794_Claroideoglomus_Claroideoglomeraceae_Glomerales","AM","FN869794","VTX00340","Claroideoglomus","Claroideoglomeraceae","Glomerales","Yes"
"VTX00341_GU353478_Claroideoglomus_Claroideoglomeraceae_Glomerales","VTX00341_GU353478_Claroideoglomus_Claroideoglomeraceae_Glomerales","AM","GU353478","VTX00341","Claroideoglomus","Claroideoglomeraceae","Glomerales","Yes"
"VTX00342_FN429114_Glomus_Glomeraceae_Glomerales","VTX00342_FN429114_Glomus_Glomeraceae_Glomerales","AM","FN429114","VTX00342","Glomus","Glomeraceae","Glomerales","Yes"
"VTX00343_HM440263_Glomus_Glomeraceae_Glomerales","VTX00343_HM440263_Glomus_Glomeraceae_Glomerales","AM","HM440263","VTX00343","Glomus","Glomeraceae","Glomerales","Yes"
"VTX00344_FN556624_Glomus_Glomeraceae_Glomerales","VTX00344_FN556624_Glomus_Glomeraceae_Glomerales","AM","FN556624","VTX00344","Glomus","Glomeraceae","Glomerales","Yes"
"VTX00345_JF414187_Glomus_Glomeraceae_Glomerales","VTX00345_JF414187_Glomus_Glomeraceae_Glomerales","AM","JF414187","VTX00345","Glomus","Glomeraceae","Glomerales","Yes"
"VTX00346_FR865460_Diversispora_Diversisporaceae_Diversisporales","VTX00346_FR865460_Diversispora_Diversisporaceae_Diversisporales","AM","FR865460","VTX00346","Diversispora","Diversisporaceae","Diversisporales","Yes"
"VTX00347_FR686957_Diversispora_Diversisporaceae_Diversisporales","VTX00347_FR686957_Diversispora_Diversisporaceae_Diversisporales","AM","FR686957","VTX00347","Diversispora","Diversisporaceae","Diversisporales","Yes"
"VTX00348_FR821542_Paraglomus_Paraglomeraceae_Paraglomerales","VTX00348_FR821542_Paraglomus_Paraglomeraceae_Paraglomerales","AM","FR821542","VTX00348","Paraglomus","Paraglomeraceae","Paraglomerales","Yes"
"VTX00349_FR848081_Paraglomus_Paraglomeraceae_Paraglomerales","VTX00349_FR848081_Paraglomus_Paraglomeraceae_Paraglomerales","AM","FR848081","VTX00349","Paraglomus","Paraglomeraceae","Paraglomerales","Yes"
"VTX00350_HE576814_Paraglomus_Paraglomeraceae_Paraglomerales","VTX00350_HE576814_Paraglomus_Paraglomeraceae_Paraglomerales","AM","HE576814","VTX00350","Paraglomus","Paraglomeraceae","Paraglomerales","Yes"
"VTX00351_HE576800_Paraglomus_Paraglomeraceae_Paraglomerales","VTX00351_HE576800_Paraglomus_Paraglomeraceae_Paraglomerales","AM","HE576800","VTX00351","Paraglomus","Paraglomeraceae","Paraglomerales","Yes"
"VTX00352_HE576802_Paraglomus_Paraglomeraceae_Paraglomerales","VTX00352_HE576802_Paraglomus_Paraglomeraceae_Paraglomerales","AM","HE576802","VTX00352","Paraglomus","Paraglomeraceae","Paraglomerales","Yes"
"VTX00353_HF566475_Diversispora_Diversisporaceae_Diversisporales","VTX00353_HF566475_Diversispora_Diversisporaceae_Diversisporales","AM","HF566475","VTX00353","Diversispora","Diversisporaceae","Diversisporales","Yes"
"VTX00354_GU238355_Diversispora_Diversisporaceae_Diversisporales","VTX00354_GU238355_Diversispora_Diversisporaceae_Diversisporales","AM","GU238355","VTX00354","Diversispora","Diversisporaceae","Diversisporales","Yes"
"VTX00355_JF683561_Diversispora_Diversisporaceae_Diversisporales","VTX00355_JF683561_Diversispora_Diversisporaceae_Diversisporales","AM","JF683561","VTX00355","Diversispora","Diversisporaceae","Diversisporales","Yes"
"VTX00356_HM215646_Diversispora_Diversisporaceae_Diversisporales","VTX00356_HM215646_Diversispora_Diversisporaceae_Diversisporales","AM","HM215646","VTX00356","Diversispora","Diversisporaceae","Diversisporales","Yes"
"VTX00357_HE576881_Claroideoglomus_Claroideoglomeraceae_Glomerales","VTX00357_HE576881_Claroideoglomus_Claroideoglomeraceae_Glomerales","AM","HE576881","VTX00357","Claroideoglomus","Claroideoglomeraceae","Glomerales","Yes"
"VTX00358_HF566809_Claroideoglomus_Claroideoglomeraceae_Glomerales","VTX00358_HF566809_Claroideoglomus_Claroideoglomeraceae_Glomerales","AM","HF566809","VTX00358","Claroideoglomus","Claroideoglomeraceae","Glomerales","Yes"
"VTX00359_JQ246064_Glomus_Glomeraceae_Glomerales","VTX00359_JQ246064_Glomus_Glomeraceae_Glomerales","AM","JQ246064","VTX00359","Glomus","Glomeraceae","Glomerales","Yes"
"VTX00360_HF566497_Glomus_Glomeraceae_Glomerales","VTX00360_HF566497_Glomus_Glomeraceae_Glomerales","AM","HF566497","VTX00360","Glomus","Glomeraceae","Glomerales","Yes"
"VTX00361_HF566521_Glomus_Glomeraceae_Glomerales","VTX00361_HF566521_Glomus_Glomeraceae_Glomerales","AM","HF566521","VTX00361","Glomus","Glomeraceae","Glomerales","Yes"
"VTX00362_HF566491_Glomus_Glomeraceae_Glomerales","VTX00362_HF566491_Glomus_Glomeraceae_Glomerales","AM","HF566491","VTX00362","Glomus","Glomeraceae","Glomerales","Yes"
"VTX00363_FR821540_Glomus_Glomeraceae_Glomerales","VTX00363_FR821540_Glomus_Glomeraceae_Glomerales","AM","FR821540","VTX00363","Glomus","Glomeraceae","Glomerales","Yes"
"VTX00364_HF566504_Glomus_Glomeraceae_Glomerales","VTX00364_HF566504_Glomus_Glomeraceae_Glomerales","AM","HF566504","VTX00364","Glomus","Glomeraceae","Glomerales","Yes"
"VTX00365_HM215924_Glomus_Glomeraceae_Glomerales","VTX00365_HM215924_Glomus_Glomeraceae_Glomerales","AM","HM215924","VTX00365","Glomus","Glomeraceae","Glomerales","Yes"
"VTX00366_HF566522_Glomus_Glomeraceae_Glomerales","VTX00366_HF566522_Glomus_Glomeraceae_Glomerales","AM","HF566522","VTX00366","Glomus","Glomeraceae","Glomerales","Yes"
"VTX00367_HF566882_Glomus_Glomeraceae_Glomerales","VTX00367_HF566882_Glomus_Glomeraceae_Glomerales","AM","HF566882","VTX00367","Glomus","Glomeraceae","Glomerales","Yes"
"VTX00368_HF566510_Glomus_Glomeraceae_Glomerales","VTX00368_HF566510_Glomus_Glomeraceae_Glomerales","AM","HF566510","VTX00368","Glomus","Glomeraceae","Glomerales","Yes"
"VTX00369_HF566911_Glomus_Glomeraceae_Glomerales","VTX00369_HF566911_Glomus_Glomeraceae_Glomerales","AM","HF566911","VTX00369","Glomus","Glomeraceae","Glomerales","Yes"
"VTX00370_HF566875_Glomus_Glomeraceae_Glomerales","VTX00370_HF566875_Glomus_Glomeraceae_Glomerales","AM","HF566875","VTX00370","Glomus","Glomeraceae","Glomerales","Yes"
"VTX00371_JN009317_Glomus_Glomeraceae_Glomerales","VTX00371_JN009317_Glomus_Glomeraceae_Glomerales","AM","JN009317","VTX00371","Glomus","Glomeraceae","Glomerales","Yes"
"VTX00372_HF566507_Glomus_Glomeraceae_Glomerales","VTX00372_HF566507_Glomus_Glomeraceae_Glomerales","AM","HF566507","VTX00372","Glomus","Glomeraceae","Glomerales","Yes"
"VTX00373_JN009378_Glomus_Glomeraceae_Glomerales","VTX00373_JN009378_Glomus_Glomeraceae_Glomerales","AM","JN009378","VTX00373","Glomus","Glomeraceae","Glomerales","Yes"
"VTX00375_HE799269_Paraglomus_Paraglomeraceae_Paraglomerales","VTX00375_HE799269_Paraglomus_Paraglomeraceae_Paraglomerales","AM","HE799269","VTX00375","Paraglomus","Paraglomeraceae","Paraglomerales","Yes"
"VTX00376_HE798720_Archaeospora_Archaeosporaceae_Archaeosporales","VTX00376_HE798720_Archaeospora_Archaeosporaceae_Archaeosporales","AM","HE798720","VTX00376","Archaeospora","Archaeosporaceae","Archaeosporales","Yes"
"VTX00377_HE798741_Diversispora_Diversisporaceae_Diversisporales","VTX00377_HE798741_Diversispora_Diversisporaceae_Diversisporales","AM","HE798741","VTX00377","Diversispora","Diversisporaceae","Diversisporales","Yes"
"VTX00378_HE798692_Acaulospora_Acaulosporaceae_Diversisporales","VTX00378_HE798692_Acaulospora_Acaulosporaceae_Diversisporales","AM","HE798692","VTX00378","Acaulospora","Acaulosporaceae","Diversisporales","Yes"
"VTX00379_HE798694_Acaulospora_Acaulosporaceae_Diversisporales","VTX00379_HE798694_Acaulospora_Acaulosporaceae_Diversisporales","AM","HE798694","VTX00379","Acaulospora","Acaulosporaceae","Diversisporales","Yes"
"VTX00380_FN869704_Diversispora_Diversisporaceae_Diversisporales","VTX00380_FN869704_Diversispora_Diversisporaceae_Diversisporales","AM","FN869704","VTX00380","Diversispora","Diversisporaceae","Diversisporales","Yes"
"VTX00381_HE798779_Glomus_Glomeraceae_Glomerales","VTX00381_HE798779_Glomus_Glomeraceae_Glomerales","AM","HE798779","VTX00381","Glomus","Glomeraceae","Glomerales","Yes"
"VTX00382_HE798788_Glomus_Glomeraceae_Glomerales","VTX00382_HE798788_Glomus_Glomeraceae_Glomerales","AM","HE798788","VTX00382","Glomus","Glomeraceae","Glomerales","Yes"
"VTX00383_HE798796_Glomus_Glomeraceae_Glomerales","VTX00383_HE798796_Glomus_Glomeraceae_Glomerales","AM","HE798796","VTX00383","Glomus","Glomeraceae","Glomerales","Yes"
"VTX00384_HE798808_Glomus_Glomeraceae_Glomerales","VTX00384_HE798808_Glomus_Glomeraceae_Glomerales","AM","HE798808","VTX00384","Glomus","Glomeraceae","Glomerales","Yes"
"VTX00385_FR821554_Glomus_Glomeraceae_Glomerales","VTX00385_FR821554_Glomus_Glomeraceae_Glomerales","AM","FR821554","VTX00385","Glomus","Glomeraceae","Glomerales","Yes"
"VTX00386_FN263083_Glomus_Glomeraceae_Glomerales","VTX00386_FN263083_Glomus_Glomeraceae_Glomerales","AM","FN263083","VTX00386","Glomus","Glomeraceae","Glomerales","Yes"
"VTX00387_FN263084_Glomus_Glomeraceae_Glomerales","VTX00387_FN263084_Glomus_Glomeraceae_Glomerales","AM","FN263084","VTX00387","Glomus","Glomeraceae","Glomerales","Yes"
"VTX00388_FN430582_Glomus_Glomeraceae_Glomerales","VTX00388_FN430582_Glomus_Glomeraceae_Glomerales","AM","FN430582","VTX00388","Glomus","Glomeraceae","Glomerales","Yes"
"VTX00389_FN263103_Glomus_Glomeraceae_Glomerales","VTX00389_FN263103_Glomus_Glomeraceae_Glomerales","AM","FN263103","VTX00389","Glomus","Glomeraceae","Glomerales","Yes"
"VTX00390_FN263090_Glomus_Glomeraceae_Glomerales","VTX00390_FN263090_Glomus_Glomeraceae_Glomerales","AM","FN263090","VTX00390","Glomus","Glomeraceae","Glomerales","Yes"
"VTX00392_HM215654_Glomus_Glomeraceae_Glomerales","VTX00392_HM215654_Glomus_Glomeraceae_Glomerales","AM","HM215654","VTX00392","Glomus","Glomeraceae","Glomerales","Yes"
"VTX00393_JN009223_Glomus_Glomeraceae_Glomerales","VTX00393_JN009223_Glomus_Glomeraceae_Glomerales","AM","JN009223","VTX00393","Glomus","Glomeraceae","Glomerales","Yes"
"VTX00394_EF558778_Glomus_Glomeraceae_Glomerales","VTX00394_EF558778_Glomus_Glomeraceae_Glomerales","AM","EF558778","VTX00394","Glomus","Glomeraceae","Glomerales","Yes"
"VTX00395_FN430577_Glomus_Glomeraceae_Glomerales","VTX00395_FN430577_Glomus_Glomeraceae_Glomerales","AM","FN430577","VTX00395","Glomus","Glomeraceae","Glomerales","Yes"
"VTX00396_FN430584_Glomus_Glomeraceae_Glomerales","VTX00396_FN430584_Glomus_Glomeraceae_Glomerales","AM","FN430584","VTX00396","Glomus","Glomeraceae","Glomerales","Yes"
"VTX00397_HF566487_Glomus_Glomeraceae_Glomerales","VTX00397_HF566487_Glomus_Glomeraceae_Glomerales","AM","HF566487","VTX00397","Glomus","Glomeraceae","Glomerales","Yes"
"VTX00398_HE798777_Glomus_Glomeraceae_Glomerales","VTX00398_HE798777_Glomus_Glomeraceae_Glomerales","AM","HE798777","VTX00398","Glomus","Glomeraceae","Glomerales","Yes"
"VTX00399_HE798804_Glomus_Glomeraceae_Glomerales","VTX00399_HE798804_Glomus_Glomeraceae_Glomerales","AM","HE798804","VTX00399","Glomus","Glomeraceae","Glomerales","Yes"
"VTX00400_HF566865_Glomus_Glomeraceae_Glomerales","VTX00400_HF566865_Glomus_Glomeraceae_Glomerales","AM","HF566865","VTX00400","Glomus","Glomeraceae","Glomerales","Yes"
"VTX00401_JN252443_Diversispora_Diversisporaceae_Diversisporales","VTX00401_JN252443_Diversispora_Diversisporaceae_Diversisporales","AM","JN252443","VTX00401","Diversispora","Diversisporaceae","Diversisporales","Yes"
"VTX00402_HE615032_Claroideoglomus_Claroideoglomeraceae_Glomerales","VTX00402_HE615032_Claroideoglomus_Claroideoglomeraceae_Glomerales","AM","HE615032","VTX00402","Claroideoglomus","Claroideoglomeraceae","Glomerales","Yes"
"VTX00403_HE799121_Glomus_Glomeraceae_Glomerales","VTX00403_HE799121_Glomus_Glomeraceae_Glomerales","AM","HE799121","VTX00403","Glomus","Glomeraceae","Glomerales","Yes"
"VTX00404_HE798807_Glomus_Glomeraceae_Glomerales","VTX00404_HE798807_Glomus_Glomeraceae_Glomerales","AM","HE798807","VTX00404","Glomus","Glomeraceae","Glomerales","Yes"
"VTX00405_HQ424224_Ambispora_Ambisporaceae_Archaeosporales","VTX00405_HQ424224_Ambispora_Ambisporaceae_Archaeosporales","AM","HQ424224","VTX00405","Ambispora","Ambisporaceae","Archaeosporales","Yes"
"VTX00406_DQ371667_Glomus_Glomeraceae_Glomerales","VTX00406_DQ371667_Glomus_Glomeraceae_Glomerales","AM","DQ371667","VTX00406","Glomus","Glomeraceae","Glomerales","Yes"
"VTX00407_HE576821_Glomus_Glomeraceae_Glomerales","VTX00407_HE576821_Glomus_Glomeraceae_Glomerales","AM","HE576821","VTX00407","Glomus","Glomeraceae","Glomerales","Yes"
"VTX00408_JQ246043_Glomus_Glomeraceae_Glomerales","VTX00408_JQ246043_Glomus_Glomeraceae_Glomerales","AM","JQ246043","VTX00408","Glomus","Glomeraceae","Glomerales","Yes"
"VTX00409_HE615074_Glomus_Glomeraceae_Glomerales","VTX00409_HE615074_Glomus_Glomeraceae_Glomerales","AM","HE615074","VTX00409","Glomus","Glomeraceae","Glomerales","Yes"
"VTX00410_HE798781_Glomus_Glomeraceae_Glomerales","VTX00410_HE798781_Glomus_Glomeraceae_Glomerales","AM","HE798781","VTX00410","Glomus","Glomeraceae","Glomerales","Yes"
"VTX00411_GU353720_Glomus_Glomeraceae_Glomerales","VTX00411_GU353720_Glomus_Glomeraceae_Glomerales","AM","GU353720","VTX00411","Glomus","Glomeraceae","Glomerales","Yes"
"VTX00412_GQ140605_Glomus_Glomeraceae_Glomerales","VTX00412_GQ140605_Glomus_Glomeraceae_Glomerales","AM","GQ140605","VTX00412","Glomus","Glomeraceae","Glomerales","Yes"
"VTX00413_HF566900_Glomus_Glomeraceae_Glomerales","VTX00413_HF566900_Glomus_Glomeraceae_Glomerales","AM","HF566900","VTX00413","Glomus","Glomeraceae","Glomerales","Yes"
"VTX00414_FR848027_Glomus_Glomeraceae_Glomerales","VTX00414_FR848027_Glomus_Glomeraceae_Glomerales","AM","FR848027","VTX00414","Glomus","Glomeraceae","Glomerales","Yes"
"VTX00415_HE799021_Glomus_Glomeraceae_Glomerales","VTX00415_HE799021_Glomus_Glomeraceae_Glomerales","AM","HE799021","VTX00415","Glomus","Glomeraceae","Glomerales","Yes"
"VTX00416_FM955473_Glomus_Glomeraceae_Glomerales","VTX00416_FM955473_Glomus_Glomeraceae_Glomerales","AM","FM955473","VTX00416","Glomus","Glomeraceae","Glomerales","Yes"
"VTX00417_AY330274_Glomus_Glomeraceae_Glomerales","VTX00417_AY330274_Glomus_Glomeraceae_Glomerales","AM","AY330274","VTX00417","Glomus","Glomeraceae","Glomerales","Yes"
"VTX00418_FN869759_Glomus_Glomeraceae_Glomerales","VTX00418_FN869759_Glomus_Glomeraceae_Glomerales","AM","FN869759","VTX00418","Glomus","Glomeraceae","Glomerales","Yes"
"VTX00419_EU340305_Glomus_Glomeraceae_Glomerales","VTX00419_EU340305_Glomus_Glomeraceae_Glomerales","AM","EU340305","VTX00419","Glomus","Glomeraceae","Glomerales","Yes"
"VTX00420_HE798917_Glomus_Glomeraceae_Glomerales","VTX00420_HE798917_Glomus_Glomeraceae_Glomerales","AM","HE798917","VTX00420","Glomus","Glomeraceae","Glomerales","Yes"
"VTX00421_EF109826_Glomus_Glomeraceae_Glomerales","VTX00421_EF109826_Glomus_Glomeraceae_Glomerales","AM","EF109826","VTX00421","Glomus","Glomeraceae","Glomerales","Yes"
"VTX00422_AB749482_Glomus_Glomeraceae_Glomerales","VTX00422_AB749482_Glomus_Glomeraceae_Glomerales","AM","AB749482","VTX00422","Glomus","Glomeraceae","Glomerales","Yes"
"VTX00423_HE613471_Glomus_Glomeraceae_Glomerales","VTX00423_HE613471_Glomus_Glomeraceae_Glomerales","AM","HE613471","VTX00423","Glomus","Glomeraceae","Glomerales","Yes"
"VTX00424_KF879050_Acaulospora_Acaulosporaceae_Diversisporales","VTX00424_KF879050_Acaulospora_Acaulosporaceae_Diversisporales","AM","KF879050","VTX00424","Acaulospora","Acaulosporaceae","Diversisporales","Yes"
"VTX00425_KF612337_Acaulospora_Acaulosporaceae_Diversisporales","VTX00425_KF612337_Acaulospora_Acaulosporaceae_Diversisporales","AM","KF612337","VTX00425","Acaulospora","Acaulosporaceae","Diversisporales","Yes"
"VTX00426_LN623410_Glomus_Glomeraceae_Glomerales","VTX00426_LN623410_Glomus_Glomeraceae_Glomerales","AM","LN623410","VTX00426","Glomus","Glomeraceae","Glomerales","Yes"
"VTX00427_LN623416_Glomus_Glomeraceae_Glomerales","VTX00427_LN623416_Glomus_Glomeraceae_Glomerales","AM","LN623416","VTX00427","Glomus","Glomeraceae","Glomerales","Yes"
"VTX00428_LN623436_Glomus_Glomeraceae_Glomerales","VTX00428_LN623436_Glomus_Glomeraceae_Glomerales","AM","LN623436","VTX00428","Glomus","Glomeraceae","Glomerales","Yes"
"VTX00429_LN623443_Glomus_Glomeraceae_Glomerales","VTX00429_LN623443_Glomus_Glomeraceae_Glomerales","AM","LN623443","VTX00429","Glomus","Glomeraceae","Glomerales","Yes"
"VTX00430_LN623447_Glomus_Glomeraceae_Glomerales","VTX00430_LN623447_Glomus_Glomeraceae_Glomerales","AM","LN623447","VTX00430","Glomus","Glomeraceae","Glomerales","Yes"
"VTX00431_LN623457_Glomus_Glomeraceae_Glomerales","VTX00431_LN623457_Glomus_Glomeraceae_Glomerales","AM","LN623457","VTX00431","Glomus","Glomeraceae","Glomerales","Yes"
"VTX00432_LN623481_Glomus_Glomeraceae_Glomerales","VTX00432_LN623481_Glomus_Glomeraceae_Glomerales","AM","LN623481","VTX00432","Glomus","Glomeraceae","Glomerales","Yes"
"VTX00433_LN623485_Paraglomus_Paraglomeraceae_Paraglomerales","VTX00433_LN623485_Paraglomus_Paraglomeraceae_Paraglomerales","AM","LN623485","VTX00433","Paraglomus","Paraglomeraceae","Paraglomerales","Yes"
"VTX00434_LN623493_Paraglomus_Paraglomeraceae_Paraglomerales","VTX00434_LN623493_Paraglomus_Paraglomeraceae_Paraglomerales","AM","LN623493","VTX00434","Paraglomus","Paraglomeraceae","Paraglomerales","Yes"
"VTX00435_LN623503_Paraglomus_Paraglomeraceae_Paraglomerales","VTX00435_LN623503_Paraglomus_Paraglomeraceae_Paraglomerales","AM","LN623503","VTX00435","Paraglomus","Paraglomeraceae","Paraglomerales","Yes"
